epoch,time,train/box_loss,train/cls_loss,train/dfl_loss,metrics/precision(B),metrics/recall(B),metrics/mAP50(B),metrics/mAP50-95(B),val/box_loss,val/cls_loss,val/dfl_loss,lr/pg0,lr/pg1,lr/pg2
1,46.1981,1.05657,3.85515,1.15637,0,0,0,0,0.72059,3.78146,0.92433,8.942e-05,8.942e-05,8.942e-05
2,90.0425,0.9992,3.72994,1.09441,0.08119,0.6557,0.1035,0.07484,0.74671,3.72032,0.90726,0.000182277,0.000182277,0.000182277
3,133.904,0.94159,3.52992,1.10766,0.05377,0.97955,0.16421,0.11552,0.70198,3.63363,0.93375,0.00027326,0.00027326,0.00027326
4,177.861,0.95539,3.3735,1.14756,0.80491,0.08309,0.22178,0.16679,0.75041,3.29933,0.9761,0.000362368,0.000362368,0.000362368
5,221.371,0.97308,3.20516,1.11585,0.95782,0.09608,0.23377,0.17786,0.79577,2.98425,1.0001,0.000449602,0.000449602,0.000449602
6,264.828,0.94372,3.05772,1.13896,0.15907,0.55337,0.24932,0.18873,0.88002,2.81649,1.02203,0.000499963,0.000499963,0.000499963
7,308.552,1.15884,2.91117,1.25382,0.1797,0.48733,0.28243,0.2107,0.92513,2.76975,1.04989,0.000494756,0.000494756,0.000494756
8,352.452,0.98085,2.75852,1.14304,0.29304,0.32016,0.28609,0.21329,0.86912,2.82542,1.093,0.000489548,0.000489548,0.000489548
9,396.006,0.99101,2.66633,1.2266,0.33031,0.4288,0.31895,0.24026,0.85115,2.63344,1.14247,0.000484341,0.000484341,0.000484341
10,439.731,1.0015,2.55959,1.19493,0.43763,0.37836,0.33819,0.24798,0.84846,2.47836,1.15049,0.000479133,0.000479133,0.000479133
11,483.907,1.03335,2.48101,1.21549,0.40842,0.64665,0.43423,0.31571,0.9264,2.19938,1.1372,0.000473926,0.000473926,0.000473926
12,527.773,1.11796,2.39942,1.26909,0.26809,0.82036,0.46391,0.34192,0.95372,2.23163,1.12399,0.000468719,0.000468719,0.000468719
13,572.009,1.04812,2.25041,1.21772,0.44101,0.66808,0.51127,0.37574,0.92204,2.29307,1.12738,0.000463511,0.000463511,0.000463511
14,615.534,1.01836,2.19167,1.2202,0.45887,0.65233,0.53556,0.39676,0.88684,2.24111,1.14092,0.000458304,0.000458304,0.000458304
15,659.984,1.00452,2.11228,1.20192,0.51268,0.62793,0.54526,0.4021,0.85578,2.09266,1.16364,0.000453096,0.000453096,0.000453096
16,703.414,0.96513,2.11138,1.20149,0.42814,0.75434,0.57008,0.42959,0.84129,1.88158,1.15561,0.000447889,0.000447889,0.000447889
17,747.02,0.99326,1.95919,1.19938,0.42857,0.78937,0.58481,0.44108,0.84252,1.71883,1.12423,0.000442682,0.000442682,0.000442682
18,790.647,0.96038,1.92188,1.13518,0.44608,0.75087,0.60664,0.45543,0.8781,1.67311,1.11899,0.000437474,0.000437474,0.000437474
19,834.779,1.04045,1.92905,1.20432,0.54753,0.70396,0.70341,0.53183,0.86876,1.61835,1.12943,0.000432267,0.000432267,0.000432267
20,878.632,1.04607,1.85119,1.24843,0.58816,0.70423,0.73774,0.56543,0.83018,1.53246,1.14115,0.000427059,0.000427059,0.000427059
21,922.279,0.91709,1.70677,1.14972,0.53049,0.82126,0.73744,0.56714,0.80602,1.54212,1.14068,0.000421852,0.000421852,0.000421852
22,965.956,0.96554,1.79853,1.1778,0.54207,0.82103,0.73026,0.54973,0.80327,1.55959,1.1482,0.000416645,0.000416645,0.000416645
23,1009.61,0.93787,1.6773,1.15662,0.60454,0.84705,0.7783,0.58308,0.81474,1.48577,1.1568,0.000411437,0.000411437,0.000411437
24,1053.09,1.06138,1.69355,1.24121,0.63255,0.84669,0.79749,0.61759,0.80728,1.44161,1.14571,0.00040623,0.00040623,0.00040623
25,1097.06,0.89176,1.57981,1.13874,0.66386,0.87046,0.80987,0.63263,0.78885,1.39926,1.13762,0.000401022,0.000401022,0.000401022
26,1140.79,0.95765,1.59805,1.19644,0.68561,0.85157,0.81669,0.63183,0.80356,1.35556,1.12411,0.000395815,0.000395815,0.000395815
27,1185.38,0.99546,1.58112,1.19027,0.70133,0.85125,0.83722,0.63725,0.85769,1.33071,1.1298,0.000390608,0.000390608,0.000390608
28,1229.24,0.93668,1.48523,1.14686,0.6783,0.8452,0.83439,0.63989,0.86087,1.35824,1.13737,0.0003854,0.0003854,0.0003854
29,1273.46,0.9576,1.50969,1.15462,0.72096,0.83048,0.84015,0.64758,0.85859,1.33126,1.14684,0.000380193,0.000380193,0.000380193
30,1317,1.06061,1.56123,1.23588,0.81463,0.85617,0.88431,0.67566,0.85853,1.27615,1.14537,0.000374985,0.000374985,0.000374985
31,1360.19,0.88713,1.37648,1.10016,0.78437,0.86409,0.92968,0.68265,0.92857,1.24853,1.16035,0.000369778,0.000369778,0.000369778
32,1404.19,0.8952,1.34445,1.12567,0.82817,0.81306,0.91944,0.67258,0.93202,1.2688,1.16063,0.000364571,0.000364571,0.000364571
33,1447.43,0.97451,1.43034,1.22804,0.8169,0.81347,0.92726,0.69834,0.84261,1.25653,1.12698,0.000359363,0.000359363,0.000359363
34,1491.26,0.87976,1.31988,1.11695,0.81834,0.85868,0.947,0.73509,0.76864,1.18245,1.10906,0.000354156,0.000354156,0.000354156
35,1534.63,0.86142,1.28221,1.07945,0.87748,0.8763,0.9514,0.73368,0.80231,1.07948,1.1864,0.000348948,0.000348948,0.000348948
36,1578.85,0.9232,1.23723,1.15684,0.87542,0.88779,0.94987,0.74775,0.79374,1.08239,1.16737,0.000343741,0.000343741,0.000343741
37,1622.72,0.83805,1.23378,1.08358,0.88717,0.87597,0.96178,0.7551,0.79019,1.07819,1.14543,0.000338534,0.000338534,0.000338534
38,1667.12,0.85545,1.2677,1.09549,0.90084,0.89041,0.96898,0.75528,0.79396,1.0572,1.13472,0.000333326,0.000333326,0.000333326
39,1710.84,0.89911,1.19648,1.13205,0.8912,0.88527,0.959,0.74441,0.80775,1.05859,1.12932,0.000328119,0.000328119,0.000328119
40,1754.53,0.84711,1.22221,1.07493,0.87049,0.88596,0.96039,0.7463,0.78594,1.0365,1.13111,0.000322911,0.000322911,0.000322911
41,1798.39,0.85676,1.17477,1.09682,0.92115,0.84084,0.96009,0.7436,0.7904,1.00997,1.17197,0.000317704,0.000317704,0.000317704
42,1842.06,0.89479,1.16437,1.13824,0.92368,0.8881,0.96567,0.74672,0.79759,0.99239,1.18436,0.000312497,0.000312497,0.000312497
43,1886.04,0.84807,1.08434,1.08574,0.94851,0.87538,0.957,0.74657,0.77537,1.00435,1.14145,0.000307289,0.000307289,0.000307289
44,1930.2,0.84004,1.12326,1.0907,0.89814,0.91033,0.96151,0.74658,0.77781,0.98924,1.14253,0.000302082,0.000302082,0.000302082
45,1973.96,0.83133,1.12134,1.06697,0.93005,0.87938,0.96841,0.75983,0.7782,0.97072,1.13893,0.000296874,0.000296874,0.000296874
46,2018.32,0.82299,1.0658,1.06971,0.84431,0.9056,0.9605,0.76739,0.7727,0.95459,1.14823,0.000291667,0.000291667,0.000291667
47,2061.97,0.79673,1.05941,1.06298,0.8698,0.90936,0.96472,0.77601,0.76469,0.94072,1.13177,0.00028646,0.00028646,0.00028646
48,2105.96,0.89486,1.12382,1.11925,0.8811,0.91716,0.96889,0.7652,0.77676,0.95277,1.1121,0.000281252,0.000281252,0.000281252
49,2149.36,0.88638,1.07994,1.10024,0.85905,0.91231,0.94791,0.70471,0.91038,1.02463,1.13752,0.000276045,0.000276045,0.000276045
50,2192.82,0.83405,1.0607,1.08839,0.87438,0.88685,0.94637,0.69994,0.92021,1.03637,1.14362,0.000270837,0.000270837,0.000270837
51,2236.08,0.77276,1.05402,1.04765,0.9004,0.91358,0.95349,0.76115,0.77905,0.93912,1.152,0.00026563,0.00026563,0.00026563
52,2279.66,0.85423,1.06684,1.1166,0.94314,0.87489,0.96215,0.7655,0.77801,0.91962,1.15858,0.000260423,0.000260423,0.000260423
53,2323.43,0.79002,1.00076,1.06571,0.92576,0.9202,0.97296,0.77671,0.77792,0.88786,1.1553,0.000255215,0.000255215,0.000255215
54,2367.04,0.75538,0.99833,1.05063,0.92472,0.93757,0.98408,0.76351,0.79417,0.89073,1.13896,0.000250008,0.000250008,0.000250008
55,2411.15,0.90445,1.02947,1.16432,0.88096,0.96013,0.98281,0.7437,0.82172,0.90798,1.12375,0.0002448,0.0002448,0.0002448
56,2455.21,0.76461,0.9731,1.03217,0.86594,0.95965,0.98164,0.74049,0.81229,0.93039,1.12476,0.000239593,0.000239593,0.000239593
57,2499.16,0.80914,1.03352,1.06698,0.8563,0.93882,0.97668,0.74473,0.78628,0.96913,1.14338,0.000234386,0.000234386,0.000234386
58,2543.2,0.84008,1.07064,1.09255,0.8465,0.93206,0.9697,0.75049,0.78835,0.98695,1.16114,0.000229178,0.000229178,0.000229178
59,2587.28,0.79629,1.00356,1.06819,0.92652,0.90738,0.98107,0.75562,0.78598,0.92026,1.12521,0.000223971,0.000223971,0.000223971
60,2631.5,0.81288,1.0221,1.09833,0.93331,0.92192,0.9786,0.7495,0.81098,0.89431,1.10601,0.000218763,0.000218763,0.000218763
61,2675.03,0.76411,0.95105,1.01265,0.96818,0.93851,0.99017,0.75923,0.80367,0.86064,1.09616,0.000213556,0.000213556,0.000213556
62,2718.99,0.79403,1.02049,1.06451,0.93604,0.97642,0.9876,0.78054,0.77613,0.81918,1.11617,0.000208349,0.000208349,0.000208349
63,2762.75,0.77927,0.9849,1.06211,0.93732,0.95815,0.98697,0.7959,0.74237,0.79556,1.12033,0.000203141,0.000203141,0.000203141
64,2806.58,0.74636,0.92385,1.04934,0.91341,0.97115,0.9865,0.80299,0.72823,0.78447,1.11554,0.000197934,0.000197934,0.000197934
65,2850.6,0.76128,0.91476,1.0489,0.94884,0.94119,0.98607,0.80197,0.7236,0.78232,1.10983,0.000192726,0.000192726,0.000192726
66,2894.74,0.70792,0.9193,1.01786,0.96533,0.92931,0.98544,0.79857,0.72745,0.77833,1.12414,0.000187519,0.000187519,0.000187519
67,2938.65,0.83413,0.99309,1.11551,0.93832,0.95888,0.98177,0.7925,0.73113,0.79921,1.10534,0.000182312,0.000182312,0.000182312
68,2982.14,0.76394,0.95797,1.06171,0.91693,0.97462,0.98164,0.78569,0.74524,0.81384,1.09594,0.000177104,0.000177104,0.000177104
69,3025.8,0.76818,0.93175,1.06631,0.93192,0.96719,0.98363,0.78242,0.74625,0.81626,1.10094,0.000171897,0.000171897,0.000171897
70,3069.55,0.73273,0.94882,1.02662,0.93462,0.94143,0.98068,0.78675,0.74018,0.82949,1.10189,0.000166689,0.000166689,0.000166689
71,3112.79,0.72932,0.88841,1.0293,0.91807,0.93785,0.97932,0.78636,0.73405,0.84889,1.1086,0.000161482,0.000161482,0.000161482
72,3156.21,0.73607,0.89666,1.02311,0.91958,0.9346,0.98139,0.78859,0.73744,0.84634,1.10378,0.000156275,0.000156275,0.000156275
73,3199.87,0.74144,0.85442,1.02191,0.95103,0.91642,0.98222,0.79102,0.74645,0.81665,1.09266,0.000151067,0.000151067,0.000151067
74,3243.54,0.71315,0.88668,1.0297,0.91167,0.97212,0.98207,0.78014,0.75907,0.79266,1.09548,0.00014586,0.00014586,0.00014586
75,3287.65,0.74592,0.97579,1.058,0.96191,0.97082,0.98641,0.7928,0.75242,0.7562,1.10151,0.000140652,0.000140652,0.000140652
76,3331.36,0.71125,0.86933,1.025,0.9662,0.97006,0.98804,0.7958,0.74952,0.75588,1.10191,0.000135445,0.000135445,0.000135445
77,3375.58,0.67209,0.82895,0.97933,0.95309,0.97273,0.98665,0.79722,0.74649,0.76004,1.09742,0.000130238,0.000130238,0.000130238
78,3420.03,0.76229,0.93464,1.0579,0.93833,0.98174,0.98641,0.79607,0.74304,0.76192,1.09375,0.00012503,0.00012503,0.00012503
79,3463.47,0.69292,0.83789,1.01998,0.94187,0.9846,0.98682,0.79811,0.73887,0.76228,1.08204,0.000119823,0.000119823,0.000119823
80,3507.85,0.68602,0.80937,0.99149,0.97977,0.93021,0.98701,0.80143,0.73365,0.75765,1.08111,0.000114615,0.000114615,0.000114615
81,3551.43,0.74633,0.87776,1.0478,0.98057,0.93511,0.98808,0.79991,0.73048,0.75594,1.078,0.000109408,0.000109408,0.000109408
82,3595.52,0.70553,0.8602,0.99879,0.96707,0.93972,0.98458,0.79691,0.73176,0.76616,1.0768,0.000104201,0.000104201,0.000104201
83,3638.81,0.6992,0.86809,1.00148,0.96437,0.93977,0.98682,0.80301,0.72404,0.76558,1.08286,9.89932e-05,9.89932e-05,9.89932e-05
84,3683.41,0.74135,0.8693,1.02207,0.96874,0.9375,0.98677,0.80549,0.72286,0.75254,1.09177,9.37858e-05,9.37858e-05,9.37858e-05
85,3727.52,0.75638,0.90342,1.04942,0.9431,0.96199,0.98713,0.8034,0.72226,0.74885,1.1006,8.85784e-05,8.85784e-05,8.85784e-05
86,3771.84,0.67088,0.80511,0.98069,0.94523,0.96061,0.98774,0.80373,0.72107,0.74015,1.09915,8.3371e-05,8.3371e-05,8.3371e-05
87,3815.93,0.70999,0.8396,1.03449,0.97918,0.94268,0.98786,0.8084,0.72117,0.7279,1.10187,7.81636e-05,7.81636e-05,7.81636e-05
88,3860.12,0.68734,0.83987,1.01602,0.9522,0.97341,0.98754,0.80376,0.71838,0.73079,1.10191,7.29562e-05,7.29562e-05,7.29562e-05
89,3904.17,0.70397,0.8353,1.02325,0.94429,0.97266,0.98653,0.8028,0.71919,0.72694,1.10663,6.77488e-05,6.77488e-05,6.77488e-05
90,3948.52,0.66482,0.8107,1.00881,0.95789,0.95304,0.98599,0.8007,0.72047,0.73291,1.10699,6.25414e-05,6.25414e-05,6.25414e-05
91,3992.2,0.65183,0.81727,1.00659,0.96754,0.96245,0.98686,0.80098,0.72581,0.72488,1.10654,5.7334e-05,5.7334e-05,5.7334e-05
92,4036.11,0.67365,0.8403,1.01773,0.95948,0.95035,0.98564,0.79774,0.72793,0.72786,1.10071,5.21266e-05,5.21266e-05,5.21266e-05
93,4080.39,0.62162,0.78881,0.93809,0.95272,0.96251,0.98597,0.79444,0.73332,0.7329,1.09679,4.69192e-05,4.69192e-05,4.69192e-05
94,4124.32,0.58197,0.76331,0.95123,0.9489,0.97389,0.98675,0.79874,0.7329,0.72981,1.09991,4.17118e-05,4.17118e-05,4.17118e-05
95,4167.84,0.61475,0.78202,0.96895,0.95675,0.95452,0.98597,0.79327,0.73399,0.73738,1.09372,3.65044e-05,3.65044e-05,3.65044e-05
96,4211.01,0.66196,0.86151,0.97125,0.93335,0.97251,0.98602,0.79452,0.73294,0.74274,1.09167,3.1297e-05,3.1297e-05,3.1297e-05
97,4254.14,0.60856,0.78662,0.96891,0.94002,0.95452,0.98535,0.79044,0.73829,0.74667,1.09782,2.60896e-05,2.60896e-05,2.60896e-05
98,4297.81,0.63152,0.80999,0.99441,0.94367,0.95504,0.98535,0.79246,0.73196,0.74739,1.08761,2.08822e-05,2.08822e-05,2.08822e-05
99,4341.12,0.62478,0.81927,0.98187,0.96203,0.93898,0.98535,0.79338,0.73109,0.74907,1.09467,1.56748e-05,1.56748e-05,1.56748e-05
100,4384.79,0.649,0.8105,0.99732,0.96557,0.93878,0.98535,0.79602,0.73064,0.74278,1.09558,1.04674e-05,1.04674e-05,1.04674e-05
