                  epoch,         train/box_loss,         train/cls_loss,         train/dfl_loss,   metrics/precision(B),      metrics/recall(B),       metrics/mAP50(B),    metrics/mAP50-95(B),           val/box_loss,           val/cls_loss,           val/dfl_loss,                 lr/pg0,                 lr/pg1,                 lr/pg2
                      1,                 1.1068,                 3.8179,                  1.176,                0.07478,                0.77995,                0.10891,                0.07549,                0.86808,                 3.5059,                0.95575,              9.468e-05,              9.468e-05,              9.468e-05
                      2,                 1.0213,                 3.0006,                 1.1475,                0.05363,                0.99821,                0.33005,                0.24652,                0.88533,                 2.9952,                0.96025,             0.00019334,             0.00019334,             0.00019334
                      3,                 1.0786,                 2.1084,                 1.2093,                0.62707,                0.46971,                0.55649,                 0.4001,                0.95806,                 2.1934,                 1.0617,             0.00029067,             0.00029067,             0.00029067
                      4,                 1.0483,                 1.5052,                 1.2073,                0.61681,                0.47086,                0.65084,                0.45357,                 1.0277,                 2.1441,                 1.1157,             0.00038669,             0.00038669,             0.00038669
                      5,                 1.0467,                   1.23,                 1.1949,                0.85184,                0.49962,                0.71277,                0.49908,                0.97767,                 2.1691,                 1.1359,             0.00048139,             0.00048139,             0.00048139
                      6,                 1.0333,                 1.1179,                 1.1747,                0.89946,                0.85719,                0.94711,                0.68295,                0.96203,                 1.1438,                 1.0931,             0.00050864,             0.00050864,             0.00050864
                      7,                0.99783,                 1.0186,                 1.1482,                0.91491,                0.87367,                0.95875,                0.68105,                 1.0114,                 1.0939,                  1.111,             0.00050517,             0.00050517,             0.00050517
                      8,                0.99978,                 1.0065,                 1.1617,                0.92652,                0.92466,                0.97287,                 0.7117,                0.95569,                0.86502,                 1.0886,              0.0005017,              0.0005017,              0.0005017
                      9,                0.99389,                0.94837,                 1.1633,                0.92665,                0.92276,                0.96661,                0.70801,                0.97842,                0.79882,                 1.0903,             0.00049823,             0.00049823,             0.00049823
                     10,                0.98468,                0.91463,                 1.1476,                0.91356,                 0.9122,                0.96139,                0.65269,                 1.0478,                0.69923,                 1.2173,             0.00049476,             0.00049476,             0.00049476
                     11,                0.97145,                0.87233,                 1.1523,                0.97221,                0.96019,                0.98876,                0.72302,                0.97695,                0.59979,                 1.0851,             0.00049128,             0.00049128,             0.00049128
                     12,                 0.9626,                0.84372,                 1.1419,                0.86698,                0.86397,                0.92486,                0.62123,                 1.0857,                0.90135,                  1.272,             0.00048781,             0.00048781,             0.00048781
                     13,                0.96123,                0.83031,                 1.1443,                0.83399,                 0.8352,                0.90123,                0.65581,                0.95064,                0.86332,                 1.1322,             0.00048434,             0.00048434,             0.00048434
                     14,                0.94644,                0.78914,                 1.1298,                0.96083,                0.96404,                0.98871,                0.73798,                0.91016,                0.59566,                 1.0763,             0.00048087,             0.00048087,             0.00048087
                     15,                0.93111,                0.77559,                 1.1187,                0.96836,                0.96567,                0.98801,                0.72533,                0.91232,                0.55564,                 1.1182,              0.0004774,              0.0004774,              0.0004774
                     16,                0.92624,                0.75031,                 1.1252,                0.94897,                0.95122,                0.98495,                0.72121,                0.96766,                0.55644,                 1.0981,             0.00047393,             0.00047393,             0.00047393
                     17,                0.91955,                0.74598,                 1.1165,                0.97214,                0.97363,                0.98923,                0.72368,                0.96526,                0.50341,                 1.0921,             0.00047045,             0.00047045,             0.00047045
                     18,                0.91127,                0.74251,                 1.1228,                0.94629,                0.94708,                 0.9741,                0.72255,                 0.9006,                0.53679,                  1.136,             0.00046698,             0.00046698,             0.00046698
                     19,                 0.9059,                0.71851,                  1.112,                0.95909,                0.95439,                0.98645,                0.73437,                 0.9276,                0.50718,                 1.0815,             0.00046351,             0.00046351,             0.00046351
                     20,                0.90062,                0.71007,                 1.1139,                0.94435,                0.93793,                0.97735,                0.72157,                0.91863,                0.57943,                 1.1344,             0.00046004,             0.00046004,             0.00046004
                     21,                0.89205,                0.69654,                 1.1052,                0.91751,                0.88239,                0.94751,                0.69655,                0.93021,                0.66154,                 1.1568,             0.00045657,             0.00045657,             0.00045657
                     22,                0.87245,                0.66151,                 1.1001,                0.93611,                0.93664,                0.97885,                0.72763,                0.89675,                0.53566,                 1.1379,              0.0004531,              0.0004531,              0.0004531
                     23,                0.88064,                0.66671,                 1.1012,                0.94134,                0.92213,                0.97789,                0.74086,                0.88497,                0.53724,                 1.0624,             0.00044962,             0.00044962,             0.00044962
                     24,                0.86545,                0.65106,                 1.0908,                0.95729,                0.95263,                0.97949,                0.69349,                0.98545,                0.51493,                 1.2116,             0.00044615,             0.00044615,             0.00044615
                     25,                0.86722,                0.64949,                 1.0906,                 0.9656,                0.95591,                0.98279,                0.71482,                0.97586,                0.50349,                 1.1098,             0.00044268,             0.00044268,             0.00044268
                     26,                0.86452,                0.63424,                 1.0984,                0.95512,                0.94729,                0.98478,                0.73355,                0.92373,                0.49678,                 1.0927,             0.00043921,             0.00043921,             0.00043921
                     27,                0.86946,                0.63721,                 1.1051,                  0.901,                0.91249,                0.96646,                0.70214,                0.97419,                0.59121,                 1.1128,             0.00043574,             0.00043574,             0.00043574
                     28,                0.84346,                0.61647,                 1.0874,                 0.9843,                0.98816,                 0.9922,                0.75731,                0.87096,                0.41304,                 1.0856,             0.00043227,             0.00043227,             0.00043227
                     29,                0.84836,                0.61486,                 1.0863,                0.94192,                0.93348,                0.97514,                0.71509,                0.90556,                0.50276,                 1.1168,              0.0004288,              0.0004288,              0.0004288
                     30,                0.84973,                0.59701,                 1.0744,                0.97464,                0.97671,                0.98868,                 0.7357,                0.89821,                0.42333,                 1.1252,             0.00042532,             0.00042532,             0.00042532
                     31,                0.82809,                  0.591,                 1.0688,                0.96193,                 0.9636,                0.98517,                0.75284,                 0.8546,                0.44324,                 1.0836,             0.00042185,             0.00042185,             0.00042185
                     32,                0.83272,                0.57916,                 1.0747,                0.93961,                0.95522,                0.98251,                0.74097,                0.86947,                0.47883,                  1.108,             0.00041838,             0.00041838,             0.00041838
                     33,                  0.836,                0.58647,                 1.0772,                0.90446,                0.92844,                0.96812,                0.72127,                0.89446,                0.54089,                 1.1437,             0.00041491,             0.00041491,             0.00041491
                     34,                 0.8231,                0.57744,                 1.0742,                0.92995,                0.95269,                0.97757,                0.73146,                0.87826,                0.48531,                 1.1073,             0.00041144,             0.00041144,             0.00041144
                     35,                0.82469,                0.57252,                 1.0718,                0.98356,                0.98068,                 0.9882,                0.75123,                0.87005,                0.40176,                 1.1174,             0.00040797,             0.00040797,             0.00040797
                     36,                0.81776,                0.55852,                 1.0675,                0.97003,                0.97696,                0.98631,                0.73474,                0.92709,                 0.4317,                 1.0972,             0.00040449,             0.00040449,             0.00040449
                     37,                0.81647,                0.56786,                 1.0716,                 0.9805,                0.98177,                0.99057,                0.74897,                0.89531,                0.38947,                 1.0661,             0.00040102,             0.00040102,             0.00040102
                     38,                0.81511,                0.55446,                 1.0663,                0.96534,                0.96443,                0.98591,                0.75964,                0.87491,                0.41786,                 1.0459,             0.00039755,             0.00039755,             0.00039755
                     39,                0.80053,                0.54569,                 1.0714,                0.96698,                0.97712,                0.98696,                 0.7515,                0.87526,                0.40611,                 1.1001,             0.00039408,             0.00039408,             0.00039408
                     40,                 0.8077,                0.53604,                 1.0683,                0.95568,                0.96932,                0.98663,                 0.7481,                0.88845,                0.43763,                 1.0988,             0.00039061,             0.00039061,             0.00039061
                     41,                0.81736,                0.54021,                 1.0689,                0.97578,                0.98311,                0.98856,                0.74886,                0.88882,                0.39426,                 1.1168,             0.00038714,             0.00038714,             0.00038714
                     42,                0.80681,                0.53745,                 1.0675,                 0.9872,                0.99008,                0.99251,                0.74393,                0.90913,                0.40122,                 1.1076,             0.00038366,             0.00038366,             0.00038366
                     43,                0.79865,                0.53326,                 1.0609,                0.97205,                0.97458,                0.98522,                0.74381,                0.88334,                0.41496,                 1.1251,             0.00038019,             0.00038019,             0.00038019
                     44,                0.79161,                0.51855,                 1.0555,                0.97042,                0.96258,                 0.9863,                0.75395,                0.87039,                0.42815,                 1.0962,             0.00037672,             0.00037672,             0.00037672
                     45,                0.80345,                0.53338,                 1.0673,                0.96196,                0.95486,                0.98292,                0.74279,                 0.8782,                0.42853,                 1.1192,             0.00037325,             0.00037325,             0.00037325
                     46,                 0.7958,                0.51911,                 1.0509,                0.97486,                0.97746,                0.98526,                0.73521,                0.91223,                 0.3956,                 1.1054,             0.00036978,             0.00036978,             0.00036978
                     47,                0.78216,                0.50852,                  1.043,                0.97732,                0.97416,                0.98878,                0.74314,                0.94186,                0.39903,                   1.07,             0.00036631,             0.00036631,             0.00036631
                     48,                0.78381,                0.49651,                 1.0379,                0.98025,                0.96995,                0.98941,                0.76063,                0.86442,                 0.3848,                 1.1129,             0.00036283,             0.00036283,             0.00036283
                     49,                0.78233,                0.50213,                 1.0596,                0.97971,                0.98322,                 0.9904,                0.75714,                0.86592,                 0.3811,                 1.1109,             0.00035936,             0.00035936,             0.00035936
                     50,                0.78493,                0.50418,                  1.056,                0.98584,                0.98475,                0.99012,                0.76514,                0.85365,                0.36608,                 1.0981,             0.00035589,             0.00035589,             0.00035589
                     51,                0.77365,                0.50554,                 1.0481,                0.98544,                0.97741,                0.99105,                0.76801,                0.86216,                0.36923,                 1.0724,             0.00035242,             0.00035242,             0.00035242
                     52,                0.77341,                 0.5022,                 1.0487,                0.98258,                0.98356,                0.98859,                0.74149,                0.88772,                0.38378,                 1.1169,             0.00034895,             0.00034895,             0.00034895
                     53,                 0.7802,                0.50082,                 1.0535,                0.98636,                0.98704,                0.99103,                0.75322,                0.88275,                0.36929,                  1.116,             0.00034548,             0.00034548,             0.00034548
                     54,                0.75357,                0.48643,                 1.0397,                0.98393,                0.98396,                0.99077,                0.75956,                0.90627,                0.38257,                 1.0617,             0.00034201,             0.00034201,             0.00034201
                     55,                0.76888,                0.49125,                 1.0472,                0.96384,                 0.9745,                 0.9855,                0.74812,                0.88684,                0.39287,                 1.1077,             0.00033853,             0.00033853,             0.00033853
                     56,                0.75479,                 0.4801,                 1.0424,                0.98548,                0.98372,                0.99013,                0.74893,                0.88466,                0.36991,                 1.1117,             0.00033506,             0.00033506,             0.00033506
                     57,                 0.7447,                0.46753,                 1.0393,                0.97719,                0.96845,                0.98463,                0.73146,                0.90766,                0.39745,                 1.1264,             0.00033159,             0.00033159,             0.00033159
                     58,                0.76335,                0.48508,                  1.048,                0.97559,                0.98241,                0.99029,                 0.7498,                0.88391,                0.37006,                 1.1429,             0.00032812,             0.00032812,             0.00032812
                     59,                0.75195,                0.47706,                 1.0462,                0.98744,                0.98607,                 0.9921,                0.75753,                0.86428,                0.36155,                 1.1136,             0.00032465,             0.00032465,             0.00032465
                     60,                 0.7531,                0.47748,                  1.038,                0.98424,                0.98588,                0.98939,                0.77014,                0.85511,                0.35159,                 1.0771,             0.00032118,             0.00032118,             0.00032118
                     61,                0.74839,                0.47187,                 1.0392,                0.98472,                0.98121,                0.99071,                0.76934,                0.85397,                0.35706,                 1.0923,              0.0003177,              0.0003177,              0.0003177
                     62,                0.74218,                0.47041,                 1.0424,                0.98792,                0.98675,                0.99118,                0.76158,                0.87327,                0.35348,                 1.1045,             0.00031423,             0.00031423,             0.00031423
                     63,                 0.7318,                0.46749,                 1.0275,                0.98509,                0.98565,                0.99029,                0.74947,                0.88806,                0.35869,                 1.0941,             0.00031076,             0.00031076,             0.00031076
                     64,                0.73699,                0.46161,                 1.0317,                0.98206,                0.98694,                0.98961,                 0.7679,                0.87089,                0.36218,                 1.0981,             0.00030729,             0.00030729,             0.00030729
                     65,                0.72839,                0.45646,                 1.0295,                0.97871,                0.98383,                0.98587,                 0.7616,                0.86253,                0.37206,                 1.1185,             0.00030382,             0.00030382,             0.00030382
                     66,                0.72248,                0.46098,                 1.0294,                0.97245,                  0.957,                0.98804,                0.74506,                0.92751,                0.39332,                 1.1012,             0.00030035,             0.00030035,             0.00030035
                     67,                0.72455,                0.44564,                 1.0323,                0.98214,                0.98106,                0.98806,                0.75182,                0.87842,                0.36648,                 1.1105,             0.00029687,             0.00029687,             0.00029687
                     68,                0.73418,                0.45309,                 1.0362,                0.98081,                0.98212,                0.98786,                  0.755,                0.87477,                0.36462,                 1.1074,              0.0002934,              0.0002934,              0.0002934
                     69,                0.73025,                0.44871,                 1.0322,                0.98252,                0.98048,                0.98966,                0.76788,                0.86525,                0.35955,                 1.0761,             0.00028993,             0.00028993,             0.00028993
                     70,                0.71959,                0.45025,                 1.0276,                0.98846,                0.99188,                0.99293,                0.74641,                0.97108,                0.36497,                 1.1121,             0.00028646,             0.00028646,             0.00028646
                     71,                0.72108,                0.44602,                 1.0249,                0.98412,                0.98476,                0.98982,                0.75092,                0.88218,                0.35899,                 1.1194,             0.00028299,             0.00028299,             0.00028299
                     72,                0.72065,                0.44248,                 1.0265,                 0.9893,                0.98915,                0.99266,                0.78119,                0.87182,                0.34654,                 1.0692,             0.00027952,             0.00027952,             0.00027952
                     73,                0.70894,                0.43631,                 1.0195,                0.98585,                0.98337,                0.98935,                0.76753,                0.86976,                0.35758,                 1.1175,             0.00027604,             0.00027604,             0.00027604
                     74,                 0.7174,                0.44365,                 1.0205,                0.97954,                 0.9778,                0.98877,                0.75793,                0.87637,                0.35731,                 1.1131,             0.00027257,             0.00027257,             0.00027257
                     75,                0.72393,                 0.4417,                 1.0281,                0.98254,                 0.9775,                0.98906,                 0.7585,                0.88369,                0.35469,                 1.1112,              0.0002691,              0.0002691,              0.0002691
                     76,                0.70043,                0.43001,                 1.0183,                0.98325,                0.98617,                0.98891,                0.75256,                0.88315,                0.35154,                 1.1106,             0.00026563,             0.00026563,             0.00026563
                     77,                0.70705,                0.43635,                 1.0196,                0.98212,                0.98585,                0.98922,                0.75245,                0.88879,                0.35462,                 1.0982,             0.00026216,             0.00026216,             0.00026216
                     78,                0.70852,                0.42763,                 1.0245,                0.98731,                0.99042,                0.99028,                 0.7629,                0.87165,                0.33725,                 1.1127,             0.00025869,             0.00025869,             0.00025869
                     79,                0.70536,                0.42865,                  1.018,                 0.9857,                0.98643,                0.98908,                0.76801,                0.88227,                0.33832,                 1.0952,             0.00025522,             0.00025522,             0.00025522
                     80,                0.69185,                0.41992,                 1.0177,                0.98543,                0.98277,                 0.9892,                0.75958,                0.87712,                0.34641,                 1.1743,             0.00025174,             0.00025174,             0.00025174
                     81,                 0.6904,                0.42511,                 1.0118,                0.98942,                0.98589,                0.99125,                0.77813,                0.83752,                0.32921,                 1.1029,             0.00024827,             0.00024827,             0.00024827
                     82,                0.69423,                0.42545,                 1.0178,                0.98315,                0.98268,                0.98753,                0.75688,                0.86812,                0.34598,                 1.1388,              0.0002448,              0.0002448,              0.0002448
                     83,                0.70414,                0.42891,                 1.0223,                0.98793,                0.98294,                0.98966,                0.77909,                0.84409,                0.33338,                 1.0977,             0.00024133,             0.00024133,             0.00024133
                     84,                0.68734,                0.41898,                 1.0099,                0.98899,                0.98989,                 0.9918,                0.77448,                0.88252,                 0.3281,                 1.0538,             0.00023786,             0.00023786,             0.00023786
                     85,                0.68547,                0.41632,                 1.0054,                0.98446,                0.98811,                0.98723,                 0.7492,                0.87755,                0.33883,                 1.1378,             0.00023439,             0.00023439,             0.00023439
                     86,                0.67441,                0.40854,                 1.0041,                 0.9769,                0.98319,                0.98765,                0.76351,                0.86809,                0.34865,                 1.1029,             0.00023091,             0.00023091,             0.00023091
                     87,                0.67252,                0.40473,                0.99586,                0.98665,                0.98798,                0.98949,                0.76345,                0.89872,                0.33813,                 1.0731,             0.00022744,             0.00022744,             0.00022744
                     88,                0.66916,                0.40624,                 1.0024,                0.98597,                0.98932,                0.98983,                0.76869,                0.86882,                0.33684,                 1.1008,             0.00022397,             0.00022397,             0.00022397
                     89,                0.66954,                0.40568,                 0.9991,                0.98696,                0.98849,                0.98983,                0.77543,                0.85308,                0.32782,                 1.0907,              0.0002205,              0.0002205,              0.0002205
                     90,                0.65704,                0.39775,                 0.9918,                0.98541,                0.98781,                0.99151,                0.78166,                0.84312,                0.32871,                 1.0733,             0.00021703,             0.00021703,             0.00021703
                     91,                 0.6746,                0.40806,                  1.003,                0.98591,                0.98752,                0.98841,                0.75832,                0.87409,                0.33771,                 1.1296,             0.00021356,             0.00021356,             0.00021356
                     92,                0.66723,                0.40372,                 1.0005,                 0.9782,                0.98819,                0.98745,                0.75921,                0.87101,                0.33695,                 1.1391,             0.00021008,             0.00021008,             0.00021008
                     93,                0.65914,                0.40609,                 1.0015,                0.98621,                0.97756,                0.98793,                0.75912,                0.86383,                0.34762,                 1.1605,             0.00020661,             0.00020661,             0.00020661
                     94,                0.65833,                0.40305,                0.99303,                0.98428,                0.98596,                 0.9884,                0.76499,                 0.8627,                0.33092,                 1.1225,             0.00020314,             0.00020314,             0.00020314
                     95,                0.65443,                0.39397,                0.98817,                0.98802,                0.98836,                0.99101,                 0.7699,                0.88853,                0.33184,                 1.0776,             0.00019967,             0.00019967,             0.00019967
                     96,                0.66646,                0.40481,                0.99464,                0.98674,                0.98718,                 0.9888,                0.77413,                0.85094,                 0.3257,                 1.0989,              0.0001962,              0.0001962,              0.0001962
                     97,                0.65611,                0.39273,                0.99444,                0.98597,                0.98727,                0.98955,                  0.769,                0.86475,                0.32982,                 1.1373,             0.00019273,             0.00019273,             0.00019273
                     98,                0.66275,                0.39486,                 0.9949,                0.98865,                 0.9914,                0.98898,                0.76719,                0.88164,                0.32622,                 1.0916,             0.00018925,             0.00018925,             0.00018925
                     99,                0.64949,                0.39043,                 0.9872,                0.99042,                0.99195,                0.99068,                0.77034,                0.87936,                0.32658,                  1.071,             0.00018578,             0.00018578,             0.00018578
                    100,                0.65447,                0.39322,                0.99228,                0.98923,                0.99095,                0.98982,                0.76998,                 0.8546,                 0.3269,                 1.0884,             0.00018231,             0.00018231,             0.00018231
                    101,                0.64614,                0.38643,                0.98479,                0.98618,                0.98954,                0.99032,                0.76105,                0.87457,                0.32693,                 1.1161,             0.00017884,             0.00017884,             0.00017884
                    102,                0.65324,                0.39322,                0.98796,                0.98583,                0.98417,                0.98891,                 0.7557,                0.88215,                0.33504,                 1.0943,             0.00017537,             0.00017537,             0.00017537
                    103,                0.63924,                0.38062,                0.98659,                0.99017,                 0.9907,                0.99125,                0.78554,                0.85308,                0.31391,                 1.0177,              0.0001719,              0.0001719,              0.0001719
                    104,                0.63412,                0.38272,                0.98002,                0.98658,                0.98526,                0.98857,                0.76898,                0.85543,                0.31728,                 1.0478,             0.00016843,             0.00016843,             0.00016843
                    105,                0.64264,                0.39491,                0.98923,                 0.9859,                 0.9908,                 0.9905,                0.77377,                0.85272,                0.31503,                 1.0947,             0.00016495,             0.00016495,             0.00016495
                    106,                0.64139,                0.38994,                0.98725,                0.98955,                0.99064,                0.99076,                0.76939,                0.85821,                0.31996,                 1.1208,             0.00016148,             0.00016148,             0.00016148
                    107,                0.63249,                0.38715,                0.98959,                0.98762,                0.98908,                0.99135,                0.76984,                0.85937,                0.32359,                 1.1186,             0.00015801,             0.00015801,             0.00015801
                    108,                0.62465,                0.37903,                0.98567,                 0.9856,                0.98981,                 0.9907,                0.78045,                0.85533,                0.32202,                 1.1097,             0.00015454,             0.00015454,             0.00015454
                    109,                0.62463,                0.37777,                0.97951,                0.98573,                0.98566,                0.98901,                0.77394,                0.85348,                0.32568,                 1.0983,             0.00015107,             0.00015107,             0.00015107
                    110,                0.63734,                0.38344,                0.98577,                0.98927,                0.98967,                0.99076,                0.77861,                0.85765,                0.32094,                 1.0724,              0.0001476,              0.0001476,              0.0001476
                    111,                0.63708,                0.38549,                0.98397,                0.98321,                0.98686,                0.99007,                0.77234,                0.85744,                0.32512,                 1.1047,             0.00014412,             0.00014412,             0.00014412
                    112,                0.62546,                0.37679,                0.97727,                0.98625,                0.98898,                0.99003,                0.77966,                0.85526,                0.31424,                 1.0678,             0.00014065,             0.00014065,             0.00014065
                    113,                0.62514,                0.38026,                0.97416,                0.98702,                0.99172,                0.99074,                0.78715,                0.83892,                0.30642,                 1.0681,             0.00013718,             0.00013718,             0.00013718
                    114,                0.62271,                0.37216,                0.97148,                0.98945,                0.98686,                0.99107,                0.77749,                0.87016,                0.31404,                 1.0722,             0.00013371,             0.00013371,             0.00013371
                    115,                0.62712,                0.38107,                0.98135,                0.98709,                0.99044,                0.99132,                0.77314,                0.86045,                0.31037,                 1.0982,             0.00013024,             0.00013024,             0.00013024
                    116,                0.61356,                0.37242,                0.97261,                0.98795,                0.98617,                0.99041,                0.77007,                 0.8767,                0.31688,                 1.0786,             0.00012677,             0.00012677,             0.00012677
                    117,                0.61311,                 0.3684,                0.97462,                 0.9876,                0.98817,                0.99021,                0.75869,                0.89218,                0.31754,                 1.0792,             0.00012329,             0.00012329,             0.00012329
                    118,                0.61559,                 0.3675,                0.96904,                0.98606,                0.98847,                0.99087,                0.77404,                 0.8759,                0.31342,                 1.0729,             0.00011982,             0.00011982,             0.00011982
                    119,                0.61131,                 0.3683,                0.97542,                0.98987,                0.98997,                0.99023,                0.76301,                0.89104,                0.31696,                 1.0877,             0.00011635,             0.00011635,             0.00011635
                    120,                0.60951,                0.36506,                0.97268,                0.98638,                 0.9879,                0.99031,                0.76644,                0.87176,                0.31614,                 1.0961,             0.00011288,             0.00011288,             0.00011288
                    121,                0.60859,                0.36723,                 0.9713,                0.98753,                0.98877,                0.99057,                0.76988,                0.87117,                0.31683,                 1.1175,             0.00010941,             0.00010941,             0.00010941
                    122,                0.60176,                 0.3621,                 0.9722,                0.98966,                0.98669,                  0.991,                0.77636,                0.86148,                0.31559,                 1.1029,             0.00010594,             0.00010594,             0.00010594
                    123,                0.60599,                0.35895,                0.97866,                0.98924,                0.98834,                0.99123,                0.77192,                0.86782,                0.31645,                 1.1002,             0.00010246,             0.00010246,             0.00010246
                    124,                0.60208,                0.36173,                0.97307,                0.99003,                0.98989,                0.99094,                0.77398,                0.86449,                0.31422,                 1.1068,             9.8993e-05,             9.8993e-05,             9.8993e-05
                    125,                0.60032,                0.36461,                0.96492,                0.98771,                0.98904,                0.99077,                0.77311,                0.87461,                0.31496,                 1.1045,             9.5522e-05,             9.5522e-05,             9.5522e-05
                    126,                0.60541,                0.36011,                0.97057,                0.98723,                0.98821,                0.98903,                0.76792,                0.86714,                0.31705,                 1.0892,              9.205e-05,              9.205e-05,              9.205e-05
                    127,                0.59541,                0.36149,                0.96404,                0.98542,                0.98996,                0.98956,                0.76814,                0.86914,                0.31224,                 1.0813,             8.8578e-05,             8.8578e-05,             8.8578e-05
                    128,                0.59074,                0.35667,                0.96264,                0.98524,                0.98964,                0.98882,                0.75543,                0.90346,                0.32338,                  1.093,             8.5107e-05,             8.5107e-05,             8.5107e-05
                    129,                0.60606,                0.36452,                0.97342,                0.98807,                0.98896,                0.98996,                0.76515,                0.86954,                0.31508,                  1.105,             8.1635e-05,             8.1635e-05,             8.1635e-05
                    130,                0.59143,                0.35276,                0.96647,                0.98412,                0.98626,                0.98812,                0.76259,                0.86995,                0.32477,                 1.1374,             7.8164e-05,             7.8164e-05,             7.8164e-05
                    131,                0.59091,                0.35424,                0.96461,                0.98527,                0.98558,                0.99021,                0.77126,                0.86613,                0.31562,                 1.1062,             7.4692e-05,             7.4692e-05,             7.4692e-05
                    132,                 0.5947,                0.35867,                0.96486,                0.98781,                0.98854,                0.99021,                0.76861,                 0.8841,                0.32003,                 1.1086,              7.122e-05,              7.122e-05,              7.122e-05
                    133,                0.58184,                0.34916,                0.95984,                0.98809,                0.98893,                0.98908,                0.77153,                0.86688,                0.31527,                 1.1131,             6.7749e-05,             6.7749e-05,             6.7749e-05
                    134,                0.58616,                0.35468,                0.96042,                0.98749,                0.98927,                0.98989,                0.77478,                0.86708,                 0.3151,                 1.1007,             6.4277e-05,             6.4277e-05,             6.4277e-05
                    135,                0.58592,                0.35332,                 0.9619,                0.98954,                 0.9887,                0.99039,                0.77639,                0.85207,                 0.3091,                 1.1113,             6.0806e-05,             6.0806e-05,             6.0806e-05
                    136,                0.59569,                0.35127,                0.96941,                0.98784,                0.99008,                0.98952,                0.77449,                0.86769,                0.31152,                 1.0891,             5.7334e-05,             5.7334e-05,             5.7334e-05
                    137,                0.58144,                0.34533,                0.95849,                0.98857,                 0.9898,                0.98952,                0.77712,                0.84947,                0.30873,                 1.0992,             5.3862e-05,             5.3862e-05,             5.3862e-05
                    138,                0.58131,                0.34272,                0.96425,                 0.9877,                0.98946,                0.98959,                0.77518,                 0.8595,                0.30982,                 1.1034,             5.0391e-05,             5.0391e-05,             5.0391e-05
                    139,                0.58324,                0.34636,                0.96339,                0.98832,                0.98796,                0.98975,                0.77911,                0.85473,                0.30868,                 1.0978,             4.6919e-05,             4.6919e-05,             4.6919e-05
                    140,                 0.5748,                 0.3488,                0.96072,                0.98748,                0.98991,                 0.9907,                 0.7755,                0.86166,                 0.3104,                 1.1233,             4.3448e-05,             4.3448e-05,             4.3448e-05
                    141,                0.49579,                 0.2837,                0.90438,                0.98671,                 0.9907,                0.99016,                0.77772,                0.85866,                0.30892,                 1.1253,             3.9976e-05,             3.9976e-05,             3.9976e-05
                    142,                 0.4866,                0.26562,                0.89932,                0.98636,                0.98977,                0.99053,                0.77949,                0.85743,                0.30967,                 1.1088,             3.6504e-05,             3.6504e-05,             3.6504e-05
                    143,                0.47212,                0.25927,                0.88692,                0.98532,                 0.9898,                0.98999,                 0.7782,                0.85262,                0.31075,                 1.1207,             3.3033e-05,             3.3033e-05,             3.3033e-05
                    144,                0.47368,                0.25905,                 0.8939,                0.98765,                0.98733,                0.98949,                0.78137,                0.85069,                0.31236,                 1.1181,             2.9561e-05,             2.9561e-05,             2.9561e-05
                    145,                0.46327,                0.25411,                0.88585,                0.98798,                 0.9873,                 0.9902,                0.77976,                0.85096,                0.30974,                 1.1047,              2.609e-05,              2.609e-05,              2.609e-05
                    146,                0.46097,                0.25483,                 0.8844,                0.98899,                0.99007,                0.99153,                0.78513,                0.84764,                 0.3067,                 1.1012,             2.2618e-05,             2.2618e-05,             2.2618e-05
                    147,                 0.4611,                0.25337,                0.88714,                0.98905,                0.98825,                0.99054,                0.78291,                0.84872,                0.30824,                 1.1053,             1.9146e-05,             1.9146e-05,             1.9146e-05
                    148,                0.45945,                0.25218,                0.88648,                0.98856,                0.98751,                0.98985,                0.78024,                0.85275,                0.30589,                 1.1077,             1.5675e-05,             1.5675e-05,             1.5675e-05
                    149,                0.46941,                 0.2561,                0.89155,                0.98682,                0.98886,                0.98978,                  0.781,                0.84886,                0.30753,                 1.1132,             1.2203e-05,             1.2203e-05,             1.2203e-05
                    150,                0.45588,                0.24854,                0.88136,                0.98673,                0.98854,                   0.99,                0.78125,                0.85329,                0.30909,                 1.1146,             8.7316e-06,             8.7316e-06,             8.7316e-06
